,Time,Action,Team
0,09:36,"BROCK,CLAIRE made 3-pt. jump shot",Emory
1,09:36,"Assist by ARONSKY,DANIELLA",Emory
2,09:24,"CHARACKLIS,KAYLA missed jump shot",Opponent
3,09:21,"AUZA,MARIANE defensive rebound",Emory
4,09:15,"Turnover by ARONSKY,DANIELLA",Emory
5,09:15,"Steal by MILLS,ISABELLA",Opponent
6,09:03,"MILLS,ISABELLA made 3-pt. jump shot",Opponent
7,09:03,"Assist by TERRY,MARGARET",Opponent
8,08:52,"Turnover by LAUDICK,MORGAN",Emory
9,08:52,"Steal by PLACHTA,EMILY",Opponent
10,08:30,"TERRY,MARGARET missed 3-pt. jump shot",Opponent
11,08:26,"BROCK,CLAIRE defensive rebound",Emory
12,08:26,"Foul by MITCHELL,SARAH",Opponent
13,08:16,"ARONSKY,DANIELLA missed 3-pt. jump shot",Emory
14,08:11,"MILLS,ISABELLA defensive rebound",Opponent
15,07:46,"TERRY,MARGARET missed jump shot",Opponent
16,07:44,"ARONSKY,DANIELLA defensive rebound",Emory
17,07:26,"LAUDICK,MORGAN missed jump shot",Emory
18,07:21,"PLACHTA,EMILY defensive rebound",Opponent
19,07:02,"CHARACKLIS,KAYLA missed layup",Opponent
20,07:02,"Block by MARTIN,ERIN",Emory
21,06:58,"MARTIN,ERIN defensive rebound",Emory
22,06:52,"AUZA,MARIANE missed jump shot",Emory
23,06:50,"TERRY,MARGARET defensive rebound",Opponent
24,06:43,"MITCHELL,SARAH missed layup",Opponent
25,06:43,"Block by ARONSKY,DANIELLA",Emory
26,06:37,"MARTIN,ERIN defensive rebound",Emory
27,06:28,"MARTIN,ERIN made layup",Emory
28,06:16,"MILLS,ISABELLA missed 3-pt. jump shot",Opponent
29,06:15,TEAM defensive rebound,Emory
30,06:15,"LAUDICK,MORGAN
                                 goes to the bench",Emory
31,06:15,"GROSS,PAIGE
                                 enters the game",Emory
32,06:15,"MITCHELL,SARAH
                                 goes to the bench",Opponent
33,06:15,"MOORE,NYAH
                                 enters the game",Opponent
34,06:01,"BROCK,CLAIRE made 3-pt. jump shot",Emory
35,05:49,"CHARACKLIS,KAYLA made jump shot",Opponent
36,05:49,"Assist by TERRY,MARGARET",Opponent
37,05:33,"Turnover by AUZA,MARIANE",Emory
38,05:29,"AUZA,MARIANE
                                 goes to the bench",Emory
39,05:29,"MUNSON,IZZY
                                 enters the game",Emory
40,05:14,"PLACHTA,EMILY missed 3-pt. jump shot",Opponent
41,05:10,"CHARACKLIS,KAYLA offensive rebound",Opponent
42,05:05,"Foul by PLACHTA,EMILY",Opponent
43,05:05,"Turnover by PLACHTA,EMILY",Opponent
44,05:05,"MARTIN,ERIN
                                 goes to the bench",Emory
45,05:05,"LAUDICK,MORGAN
                                 enters the game",Emory
46,05:05,"CHARACKLIS,KAYLA
                                 goes to the bench",Opponent
47,05:05,"GILL,PREET
                                 enters the game",Opponent
48,04:51,"GROSS,PAIGE made layup",Emory
49,04:24,"MILLS,ISABELLA missed 3-pt. jump shot",Opponent
50,04:22,TEAM defensive rebound,Emory
51,04:11,"GROSS,PAIGE missed layup",Emory
52,04:08,"TERRY,MARGARET defensive rebound",Opponent
53,03:53,"MOORE,NYAH missed 3-pt. jump shot",Opponent
54,03:50,"ARONSKY,DANIELLA defensive rebound",Emory
55,03:41,"GROSS,PAIGE missed 3-pt. jump shot",Emory
56,03:39,TEAM defensive rebound,Opponent
57,03:39,"ARONSKY,DANIELLA
                                 goes to the bench",Emory
58,03:39,"KENNEDY,LILY
                                 enters the game",Emory
59,03:39,"TERRY,MARGARET
                                 goes to the bench",Opponent
60,03:39,"PLACHTA,EMILY
                                 goes to the bench",Opponent
61,03:39,"VANDERBECK,LUCY
                                 enters the game",Opponent
62,03:39,"MITCHELL,SARAH
                                 enters the game",Opponent
63,03:29,"VANDERBECK,LUCY missed 3-pt. jump shot",Opponent
64,03:26,TEAM defensive rebound,Emory
65,03:16,"BROCK,CLAIRE missed layup",Emory
66,03:16,"Block by MILLS,ISABELLA",Opponent
67,03:11,"MILLS,ISABELLA defensive rebound",Opponent
68,03:08,"VANDERBECK,LUCY missed layup",Opponent
69,03:04,"KENNEDY,LILY defensive rebound",Emory
70,03:01,"GROSS,PAIGE made 3-pt. jump shot",Emory
71,03:01,"Assist by BROCK,CLAIRE",Emory
72,02:47,"MILLS,ISABELLA made layup",Opponent
73,02:33,"MUNSON,IZZY missed 3-pt. jump shot",Emory
74,02:30,TEAM offensive rebound,Emory
75,02:30,"MILLS,ISABELLA
                                 goes to the bench",Opponent
76,02:30,"MILLER,EVIE
                                 enters the game",Opponent
77,02:29,"KENNEDY,LILY made jump shot",Emory
78,02:29,"Assist by BROCK,CLAIRE",Emory
79,02:08,"GILL,PREET missed jump shot",Opponent
80,02:05,"MUNSON,IZZY defensive rebound",Emory
81,01:57,"KENNEDY,LILY made 3-pt. jump shot",Emory
82,01:57,"Assist by GROSS,PAIGE",Emory
83,01:56,30SEC TIMEOUT by Case Western Reserve,Opponent
84,01:56,"GROSS,PAIGE
                                 goes to the bench",Emory
85,01:56,"MUNSON,IZZY
                                 goes to the bench",Emory
86,01:56,"BROCK,CLAIRE
                                 goes to the bench",Emory
87,01:56,"ARONSKY,DANIELLA
                                 enters the game",Emory
88,01:56,"AUZA,MARIANE
                                 enters the game",Emory
89,01:56,"MARTIN,ERIN
                                 enters the game",Emory
90,01:36,"VANDERBECK,LUCY made 3-pt. jump shot",Opponent
91,01:36,"Assist by GILL,PREET",Opponent
92,01:27,"KENNEDY,LILY made layup",Emory
93,01:27,"Assist by ARONSKY,DANIELLA",Emory
94,00:59,"Foul by KENNEDY,LILY",Emory
95,00:59,"MOORE,NYAH made free throw",Opponent
96,00:59,"MOORE,NYAH missed free throw",Opponent
97,00:59,"MARTIN,ERIN defensive rebound",Emory
98,00:49,"GILL,PREET
                                 goes to the bench",Opponent
99,00:49,"MOORE,NYAH
                                 goes to the bench",Opponent
100,00:49,"CHARACKLIS,KAYLA
                                 enters the game",Opponent
101,00:49,"MILLS,ISABELLA
                                 enters the game",Opponent
102,00:36,"Turnover by KENNEDY,LILY",Emory
103,00:36,"Steal by VANDERBECK,LUCY",Opponent
104,00:18,"MITCHELL,SARAH missed layup",Opponent
105,00:18,"Block by ARONSKY,DANIELLA",Emory
106,00:15,"MILLER,EVIE offensive rebound",Opponent
107,00:14,"MILLER,EVIE missed jump shot",Opponent
108,00:08,"MILLER,EVIE offensive rebound",Opponent
109,00:07,"CHARACKLIS,KAYLA made jump shot",Opponent
110,00:07,"Assist by MILLER,EVIE",Opponent
111,00:00,"Turnover by ARONSKY,DANIELLA",Emory
112,00:00,"Steal by VANDERBECK,LUCY",Opponent
113,10:00,"KENNEDY,LILY
                                 goes to the bench",Emory
114,10:00,"BROCK,CLAIRE
                                 enters the game",Emory
115,09:41,"AUZA,MARIANE made jump shot",Emory
116,09:41,"Assist by ARONSKY,DANIELLA",Emory
117,09:10,"MILLS,ISABELLA missed 3-pt. jump shot",Opponent
118,09:07,"AUZA,MARIANE defensive rebound",Emory
119,09:02,"BROCK,CLAIRE missed 3-pt. jump shot",Emory
120,08:58,"MITCHELL,SARAH defensive rebound",Opponent
121,08:52,"AUZA,MARIANE
                                 goes to the bench",Emory
122,08:52,"LAUDICK,MORGAN
                                 goes to the bench",Emory
123,08:52,"GROSS,PAIGE
                                 enters the game",Emory
124,08:52,"MUNSON,IZZY
                                 enters the game",Emory
125,08:52,"VANDERBECK,LUCY
                                 goes to the bench",Opponent
126,08:52,"MITCHELL,SARAH
                                 goes to the bench",Opponent
127,08:52,"TERRY,MARGARET
                                 enters the game",Opponent
128,08:52,"PLACHTA,EMILY
                                 enters the game",Opponent
129,08:35,"TERRY,MARGARET missed layup",Opponent
130,08:33,"MUNSON,IZZY defensive rebound",Emory
131,08:04,"MUNSON,IZZY missed 3-pt. jump shot",Emory
132,08:03,TEAM deadball rebound,Emory
133,08:03,Turnover by TEAM,Emory
134,07:49,"MILLS,ISABELLA made layup",Opponent
135,07:37,"MUNSON,IZZY missed layup",Emory
136,07:37,"Block by MILLER,EVIE",Opponent
137,07:32,"CHARACKLIS,KAYLA defensive rebound",Opponent
138,07:27,"MILLS,ISABELLA missed layup",Opponent
139,07:23,"MILLER,EVIE offensive rebound",Opponent
140,07:23,"MILLER,EVIE missed layup",Opponent
141,07:19,"MARTIN,ERIN defensive rebound",Emory
142,07:07,"MUNSON,IZZY missed 3-pt. jump shot",Emory
143,07:04,"MARTIN,ERIN offensive rebound",Emory
144,07:04,"MARTIN,ERIN made layup",Emory
145,07:04,"Foul by MILLER,EVIE",Opponent
146,07:04,"MILLS,ISABELLA
                                 goes to the bench",Opponent
147,07:04,"VANDERBECK,LUCY
                                 enters the game",Opponent
148,07:04,"MARTIN,ERIN missed free throw",Emory
149,07:03,"MILLER,EVIE defensive rebound",Opponent
150,06:54,"VANDERBECK,LUCY missed 3-pt. jump shot",Opponent
151,06:51,TEAM offensive rebound,Opponent
152,06:51,"MARTIN,ERIN
                                 goes to the bench",Emory
153,06:51,"LAUDICK,MORGAN
                                 enters the game",Emory
154,06:51,"MILLER,EVIE
                                 goes to the bench",Opponent
155,06:51,"GILL,PREET
                                 enters the game",Opponent
156,06:33,"Turnover by PLACHTA,EMILY",Opponent
157,06:33,"Steal by MUNSON,IZZY",Emory
158,06:17,"ARONSKY,DANIELLA made layup",Emory
159,06:17,"Assist by BROCK,CLAIRE",Emory
160,06:16,30SEC TIMEOUT by Case Western Reserve,Opponent
161,06:16,"MUNSON,IZZY
                                 goes to the bench",Emory
162,06:16,"KENNEDY,LILY
                                 enters the game",Emory
163,05:58,"PLACHTA,EMILY missed 3-pt. jump shot",Opponent
164,05:55,TEAM defensive rebound,Emory
165,05:49,"KENNEDY,LILY missed 3-pt. jump shot",Emory
166,05:44,"LAUDICK,MORGAN offensive rebound",Emory
167,05:38,"Foul by TERRY,MARGARET",Opponent
168,05:24,"GROSS,PAIGE missed 3-pt. jump shot",Emory
169,05:20,"BROCK,CLAIRE offensive rebound",Emory
170,04:58,"KENNEDY,LILY missed layup",Emory
171,04:53,"CHARACKLIS,KAYLA defensive rebound",Opponent
172,04:47,"CHARACKLIS,KAYLA {JUMPER={score=2, text=made jump shot}, 3PTR={score=3, text=made 3-pt. jump shot}, 2PTR={score=2, text=made 2-pt. field goal}, LAYUP={score=2, text=made layup}, FT={score=1, text=made free throw}, DUNK={score=2, text=made dunk}, TIPIN={score=2, text=made tip-in}}",Opponent
173,04:32,"Foul by GILL,PREET",Opponent
174,04:32,"GROSS,PAIGE
                                 goes to the bench",Emory
175,04:32,"MARTIN,ERIN
                                 enters the game",Emory
176,04:32,"CHARACKLIS,KAYLA
                                 goes to the bench",Opponent
177,04:32,"MILLS,ISABELLA
                                 enters the game",Opponent
178,04:32,"KENNEDY,LILY missed free throw",Emory
179,04:32,TEAM deadball rebound,Emory
180,04:32,"KENNEDY,LILY missed free throw",Emory
181,04:32,"TERRY,MARGARET defensive rebound",Opponent
182,04:14,"PLACHTA,EMILY made 3-pt. jump shot",Opponent
183,04:14,"Assist by TERRY,MARGARET",Opponent
184,03:42,"BROCK,CLAIRE missed layup",Emory
185,03:42,"Block by MILLS,ISABELLA",Opponent
186,03:42,"TERRY,MARGARET defensive rebound",Opponent
187,03:42,"Foul by KENNEDY,LILY",Emory
188,03:39,"KENNEDY,LILY
                                 goes to the bench",Emory
189,03:39,"AUZA,MARIANE
                                 enters the game",Emory
190,03:39,"VANDERBECK,LUCY
                                 goes to the bench",Opponent
191,03:39,"MITCHELL,SARAH
                                 enters the game",Opponent
192,03:28,"PLACHTA,EMILY missed 3-pt. jump shot",Opponent
193,03:25,"AUZA,MARIANE defensive rebound",Emory
194,03:23,"LAUDICK,MORGAN missed jump shot",Emory
195,03:19,"MITCHELL,SARAH defensive rebound",Opponent
196,03:12,"TERRY,MARGARET missed 3-pt. jump shot",Opponent
197,03:10,TEAM defensive rebound,Emory
198,03:10,"LAUDICK,MORGAN
                                 goes to the bench",Emory
199,03:10,"GROSS,PAIGE
                                 enters the game",Emory
200,03:10,"GROSS,PAIGE
                                 goes to the bench",Emory
201,03:10,"LAUDICK,MORGAN
                                 enters the game",Emory
202,03:00,"MARTIN,ERIN made jump shot",Emory
203,03:00,"Assist by BROCK,CLAIRE",Emory
204,02:40,"MITCHELL,SARAH missed layup",Opponent
205,02:38,"ARONSKY,DANIELLA defensive rebound",Emory
206,02:11,"Turnover by AUZA,MARIANE",Emory
207,02:11,"GILL,PREET
                                 goes to the bench",Opponent
208,02:11,"CHARACKLIS,KAYLA
                                 enters the game",Opponent
209,02:00,"Foul by MARTIN,ERIN",Emory
210,01:47,"MILLS,ISABELLA missed layup",Opponent
211,01:45,"ARONSKY,DANIELLA defensive rebound",Emory
212,01:34,"Turnover by BROCK,CLAIRE",Emory
213,01:34,"Steal by MITCHELL,SARAH",Opponent
214,01:34,"Foul by BROCK,CLAIRE",Emory
215,01:03,"CHARACKLIS,KAYLA missed layup",Opponent
216,01:00,"AUZA,MARIANE defensive rebound",Emory
217,00:55,"Foul by CHARACKLIS,KAYLA",Opponent
218,00:45,"Turnover by ARONSKY,DANIELLA",Emory
219,00:45,"Steal by PLACHTA,EMILY",Opponent
220,00:45,"LAUDICK,MORGAN
                                 goes to the bench",Emory
221,00:45,"GROSS,PAIGE
                                 enters the game",Emory
222,00:44,"Turnover by MILLS,ISABELLA",Opponent
223,00:44,"Steal by GROSS,PAIGE",Emory
224,00:14,"BROCK,CLAIRE made layup",Emory
225,00:14,"Foul by CHARACKLIS,KAYLA",Opponent
226,00:14,"BROCK,CLAIRE made free throw",Emory
227,00:14,"BROCK,CLAIRE
                                 goes to the bench",Emory
228,00:14,"MUNSON,IZZY
                                 enters the game",Emory
229,00:14,"MITCHELL,SARAH
                                 goes to the bench",Opponent
230,00:14,"VANDERBECK,LUCY
                                 enters the game",Opponent
231,00:14,"GROSS,PAIGE
                                 goes to the bench",Emory
232,00:14,"LAUDICK,MORGAN
                                 enters the game",Emory
233,00:01,"PLACHTA,EMILY made layup",Opponent
234,00:01,"Foul by MARTIN,ERIN",Emory
235,00:01,"PLACHTA,EMILY made free throw",Opponent
236,10:00,"MUNSON,IZZY
                                 goes to the bench",Emory
237,10:00,"BROCK,CLAIRE
                                 enters the game",Emory
238,10:00,"VANDERBECK,LUCY
                                 goes to the bench",Opponent
239,10:00,"MITCHELL,SARAH
                                 enters the game",Opponent
240,09:50,"MILLS,ISABELLA made layup",Opponent
241,09:37,"LAUDICK,MORGAN missed layup",Emory
242,09:34,"PLACHTA,EMILY defensive rebound",Opponent
243,09:29,"TERRY,MARGARET missed 3-pt. jump shot",Opponent
244,09:27,"ARONSKY,DANIELLA defensive rebound",Emory
245,09:22,"ARONSKY,DANIELLA missed 3-pt. jump shot",Emory
246,09:17,"PLACHTA,EMILY defensive rebound",Opponent
247,09:00,"MILLS,ISABELLA made layup",Opponent
248,09:00,"Assist by MITCHELL,SARAH",Opponent
249,08:40,"LAUDICK,MORGAN made layup",Emory
250,08:27,"CHARACKLIS,KAYLA missed layup",Opponent
251,08:24,"MARTIN,ERIN defensive rebound",Emory
252,08:01,"LAUDICK,MORGAN made layup",Emory
253,08:01,"Assist by MARTIN,ERIN",Emory
254,07:48,"MILLS,ISABELLA made 3-pt. jump shot",Opponent
255,07:48,"Assist by CHARACKLIS,KAYLA",Opponent
256,07:28,"LAUDICK,MORGAN missed 3-pt. jump shot",Emory
257,07:25,"TERRY,MARGARET defensive rebound",Opponent
258,07:10,"PLACHTA,EMILY missed layup",Opponent
259,07:10,"Block by MARTIN,ERIN",Emory
260,07:06,"PLACHTA,EMILY offensive rebound",Opponent
261,06:57,"MITCHELL,SARAH missed 3-pt. jump shot",Opponent
262,06:53,"LAUDICK,MORGAN defensive rebound",Emory
263,06:47,"BROCK,CLAIRE made 3-pt. jump shot",Emory
264,06:47,"Assist by ARONSKY,DANIELLA",Emory
265,06:37,"Foul by AUZA,MARIANE",Emory
266,06:37,"AUZA,MARIANE
                                 goes to the bench",Emory
267,06:37,"LAUDICK,MORGAN
                                 goes to the bench",Emory
268,06:37,"GROSS,PAIGE
                                 enters the game",Emory
269,06:37,"MUNSON,IZZY
                                 enters the game",Emory
270,06:37,"CHARACKLIS,KAYLA
                                 goes to the bench",Opponent
271,06:37,"GILL,PREET
                                 enters the game",Opponent
272,06:27,"Foul by BROCK,CLAIRE",Emory
273,06:27,"MITCHELL,SARAH missed free throw",Opponent
274,06:27,TEAM deadball rebound,Opponent
275,06:27,"MITCHELL,SARAH made free throw",Opponent
276,05:58,"Turnover by MARTIN,ERIN",Emory
277,05:58,"Steal by MILLS,ISABELLA",Opponent
278,05:52,"PLACHTA,EMILY missed 3-pt. jump shot",Opponent
279,05:49,"MARTIN,ERIN defensive rebound",Emory
280,05:42,"MUNSON,IZZY missed 3-pt. jump shot",Emory
281,05:39,"GROSS,PAIGE offensive rebound",Emory
282,05:35,"Foul by GILL,PREET",Opponent
283,05:35,"MITCHELL,SARAH
                                 goes to the bench",Opponent
284,05:35,"MOORE,NYAH
                                 enters the game",Opponent
285,05:32,"ARONSKY,DANIELLA missed layup",Emory
286,05:32,"Block by MILLS,ISABELLA",Opponent
287,05:30,TEAM offensive rebound,Emory
288,05:26,"Foul by MILLS,ISABELLA",Opponent
289,05:26,"PLACHTA,EMILY
                                 goes to the bench",Opponent
290,05:26,"VANDERBECK,LUCY
                                 enters the game",Opponent
291,05:26,"BROCK,CLAIRE made free throw",Emory
292,05:26,"BROCK,CLAIRE made free throw",Emory
293,05:05,"Turnover by VANDERBECK,LUCY",Opponent
294,05:05,"Steal by MUNSON,IZZY",Emory
295,04:56,"Foul by TERRY,MARGARET",Opponent
296,04:56,"MARTIN,ERIN
                                 goes to the bench",Emory
297,04:56,"LAUDICK,MORGAN
                                 enters the game",Emory
298,04:56,"BROCK,CLAIRE made free throw",Emory
299,04:56,"BROCK,CLAIRE missed free throw",Emory
300,04:54,TEAM defensive rebound,Opponent
301,04:37,"TERRY,MARGARET made 3-pt. jump shot",Opponent
302,04:37,"Assist by MILLS,ISABELLA",Opponent
303,04:25,"BROCK,CLAIRE made layup",Emory
304,04:18,"Foul by MUNSON,IZZY",Emory
305,04:18,"MILLS,ISABELLA
                                 goes to the bench",Opponent
306,04:18,"MILLER,EVIE
                                 enters the game",Opponent
307,04:10,"VANDERBECK,LUCY made 3-pt. jump shot",Opponent
308,04:10,"Assist by TERRY,MARGARET",Opponent
309,04:01,"Foul by TERRY,MARGARET",Opponent
310,04:00,"LAUDICK,MORGAN made layup",Emory
311,04:00,"Assist by ARONSKY,DANIELLA",Emory
312,03:49,"Turnover by TERRY,MARGARET",Opponent
313,03:49,"Steal by LAUDICK,MORGAN",Emory
314,03:44,"GROSS,PAIGE made layup",Emory
315,03:44,"Assist by BROCK,CLAIRE",Emory
316,03:38,"Foul by MUNSON,IZZY",Emory
317,03:38,"GROSS,PAIGE
                                 goes to the bench",Emory
318,03:38,"MARTIN,ERIN
                                 enters the game",Emory
319,03:38,"TERRY,MARGARET
                                 goes to the bench",Opponent
320,03:38,"MILLER,EVIE
                                 goes to the bench",Opponent
321,03:38,"MILLS,ISABELLA
                                 enters the game",Opponent
322,03:38,"MITCHELL,SARAH
                                 enters the game",Opponent
323,03:22,"MOORE,NYAH missed layup",Opponent
324,03:19,"GILL,PREET offensive rebound",Opponent
325,03:19,"GILL,PREET missed layup",Opponent
326,03:19,"MARTIN,ERIN defensive rebound",Emory
327,03:18,"Foul by MITCHELL,SARAH",Opponent
328,03:18,"MARTIN,ERIN made free throw",Emory
329,03:18,TEAM TIMEOUT by Case Western Reserve,Opponent
330,03:18,"MUNSON,IZZY
                                 goes to the bench",Emory
331,03:18,"BROCK,CLAIRE
                                 goes to the bench",Emory
332,03:18,"KENNEDY,LILY
                                 enters the game",Emory
333,03:18,"AUZA,MARIANE
                                 enters the game",Emory
334,03:18,"MARTIN,ERIN made free throw",Emory
335,03:11,"VANDERBECK,LUCY missed 3-pt. jump shot",Opponent
336,03:09,"MOORE,NYAH offensive rebound",Opponent
337,03:09,"Foul by AUZA,MARIANE",Emory
338,03:09,"MOORE,NYAH missed free throw",Opponent
339,03:09,TEAM deadball rebound,Opponent
340,03:09,"MOORE,NYAH missed free throw",Opponent
341,03:08,"AUZA,MARIANE defensive rebound",Emory
342,02:50,"AUZA,MARIANE missed layup",Emory
343,02:50,"Block by MITCHELL,SARAH",Opponent
344,02:45,"MOORE,NYAH defensive rebound",Opponent
345,02:42,"MILLS,ISABELLA missed 3-pt. jump shot",Opponent
346,02:36,"GILL,PREET offensive rebound",Opponent
347,02:35,"MILLS,ISABELLA missed 3-pt. jump shot",Opponent
348,02:33,"ARONSKY,DANIELLA defensive rebound",Emory
349,02:26,"KENNEDY,LILY
                                 goes to the bench",Emory
350,02:26,"BROCK,CLAIRE
                                 enters the game",Emory
351,02:26,"GILL,PREET
                                 goes to the bench",Opponent
352,02:26,"MOORE,NYAH
                                 goes to the bench",Opponent
353,02:26,"PLACHTA,EMILY
                                 enters the game",Opponent
354,02:26,"CHARACKLIS,KAYLA
                                 enters the game",Opponent
355,02:18,"Turnover by ARONSKY,DANIELLA",Emory
356,02:00,"MILLS,ISABELLA missed layup",Opponent
357,01:58,"MILLS,ISABELLA offensive rebound",Opponent
358,01:58,"MILLS,ISABELLA missed layup",Opponent
359,01:58,TEAM defensive rebound,Emory
360,01:47,"BROCK,CLAIRE missed 3-pt. jump shot",Emory
361,01:43,"VANDERBECK,LUCY defensive rebound",Opponent
362,01:27,"CHARACKLIS,KAYLA missed layup",Opponent
363,01:25,"CHARACKLIS,KAYLA offensive rebound",Opponent
364,01:19,"MILLS,ISABELLA made jump shot",Opponent
365,01:19,"Assist by PLACHTA,EMILY",Opponent
366,01:09,"BROCK,CLAIRE missed layup",Emory
367,01:06,"MITCHELL,SARAH defensive rebound",Opponent
368,01:01,"VANDERBECK,LUCY missed 3-pt. jump shot",Opponent
369,00:58,"LAUDICK,MORGAN defensive rebound",Emory
370,00:52,"LAUDICK,MORGAN made 3-pt. jump shot",Emory
371,00:52,"Assist by ARONSKY,DANIELLA",Emory
372,00:26,"CHARACKLIS,KAYLA made layup",Opponent
373,00:01,"BROCK,CLAIRE made jump shot",Emory
374,10:00,"ARONSKY,DANIELLA
                                 goes to the bench",Emory
375,10:00,"LAUDICK,MORGAN
                                 goes to the bench",Emory
376,10:00,"GROSS,PAIGE
                                 enters the game",Emory
377,10:00,"MUNSON,IZZY
                                 enters the game",Emory
378,10:00,"MILLS,ISABELLA
                                 goes to the bench",Opponent
379,10:00,"TERRY,MARGARET
                                 enters the game",Opponent
380,09:39,"Turnover by VANDERBECK,LUCY",Opponent
381,09:10,"BROCK,CLAIRE missed layup",Emory
382,09:06,"TERRY,MARGARET defensive rebound",Opponent
383,09:00,"TERRY,MARGARET made layup",Opponent
384,08:47,"MARTIN,ERIN missed layup",Emory
385,08:45,"MITCHELL,SARAH defensive rebound",Opponent
386,08:41,"PLACHTA,EMILY missed 3-pt. jump shot",Opponent
387,08:37,"BROCK,CLAIRE defensive rebound",Emory
388,08:25,"AUZA,MARIANE missed layup",Emory
389,08:22,"TERRY,MARGARET defensive rebound",Opponent
390,08:13,"Turnover by TERRY,MARGARET",Opponent
391,08:13,"Steal by AUZA,MARIANE",Emory
392,08:09,"MUNSON,IZZY made layup",Emory
393,08:09,"Assist by AUZA,MARIANE",Emory
394,08:06,30SEC TIMEOUT by Opponent,Emory
395,08:06,"AUZA,MARIANE
                                 goes to the bench",Emory
396,08:06,"MARTIN,ERIN
                                 goes to the bench",Emory
397,08:06,"ARONSKY,DANIELLA
                                 enters the game",Emory
398,08:06,"LAUDICK,MORGAN
                                 enters the game",Emory
399,08:06,"VANDERBECK,LUCY
                                 goes to the bench",Opponent
400,08:06,"MILLS,ISABELLA
                                 enters the game",Opponent
401,07:48,"CHARACKLIS,KAYLA missed layup",Opponent
402,07:46,"ARONSKY,DANIELLA defensive rebound",Emory
403,07:38,"Foul by CHARACKLIS,KAYLA",Opponent
404,07:31,"Turnover by ARONSKY,DANIELLA",Emory
405,07:31,"Steal by CHARACKLIS,KAYLA",Opponent
406,07:19,"PLACHTA,EMILY made layup",Opponent
407,07:19,"Assist by MITCHELL,SARAH",Opponent
408,07:05,"MUNSON,IZZY missed layup",Emory
409,07:01,"CHARACKLIS,KAYLA defensive rebound",Opponent
410,06:56,"PLACHTA,EMILY missed 3-pt. jump shot",Opponent
411,06:54,"ARONSKY,DANIELLA defensive rebound",Emory
412,06:50,"ARONSKY,DANIELLA made layup",Emory
413,06:38,"CHARACKLIS,KAYLA made layup",Opponent
414,06:26,"MUNSON,IZZY missed layup",Emory
415,06:26,"MUNSON,IZZY offensive rebound",Emory
416,06:26,"Foul by PLACHTA,EMILY",Opponent
417,06:26,"GROSS,PAIGE
                                 goes to the bench",Emory
418,06:26,"MUNSON,IZZY
                                 goes to the bench",Emory
419,06:26,"KENNEDY,LILY
                                 enters the game",Emory
420,06:26,"MARTIN,ERIN
                                 enters the game",Emory
421,06:26,"CHARACKLIS,KAYLA
                                 goes to the bench",Opponent
422,06:26,"GILL,PREET
                                 enters the game",Opponent
423,06:23,"MARTIN,ERIN made layup",Emory
424,06:23,"Assist by ARONSKY,DANIELLA",Emory
425,06:12,"Foul by MARTIN,ERIN",Emory
426,06:12,"MITCHELL,SARAH missed free throw",Opponent
427,06:12,TEAM deadball rebound,Opponent
428,06:12,"MITCHELL,SARAH made free throw",Opponent
429,05:48,"MARTIN,ERIN missed layup",Emory
430,05:46,"TERRY,MARGARET defensive rebound",Opponent
431,05:46,"Foul by MARTIN,ERIN",Emory
432,05:46,"MARTIN,ERIN
                                 goes to the bench",Emory
433,05:46,"GROSS,PAIGE
                                 enters the game",Emory
434,05:26,"TERRY,MARGARET missed 3-pt. jump shot",Opponent
435,05:21,"GILL,PREET offensive rebound",Opponent
436,05:18,"MITCHELL,SARAH missed jump shot",Opponent
437,05:13,"KENNEDY,LILY defensive rebound",Emory
438,05:07,"BROCK,CLAIRE made jump shot",Emory
439,04:41,"MITCHELL,SARAH missed jump shot",Opponent
440,04:38,"GROSS,PAIGE defensive rebound",Emory
441,04:33,"BROCK,CLAIRE missed 3-pt. jump shot",Emory
442,04:27,"LAUDICK,MORGAN offensive rebound",Emory
443,04:20,"Foul by GILL,PREET",Opponent
444,04:20,"MITCHELL,SARAH
                                 goes to the bench",Opponent
445,04:20,"VANDERBECK,LUCY
                                 enters the game",Opponent
446,04:20,"GROSS,PAIGE made free throw",Emory
447,04:20,"GROSS,PAIGE made free throw",Emory
448,04:20,"KENNEDY,LILY
                                 goes to the bench",Emory
449,04:20,"AUZA,MARIANE
                                 enters the game",Emory
450,04:02,"Foul by LAUDICK,MORGAN",Emory
451,04:02,"GILL,PREET made free throw",Opponent
452,04:02,"GILL,PREET missed free throw",Opponent
453,04:02,"AUZA,MARIANE defensive rebound",Emory
454,03:47,"GROSS,PAIGE made layup",Emory
455,03:47,"Assist by AUZA,MARIANE",Emory
456,03:32,"MILLS,ISABELLA missed 3-pt. jump shot",Opponent
457,03:28,"BROCK,CLAIRE defensive rebound",Emory
458,03:07,"LAUDICK,MORGAN made 3-pt. jump shot",Emory
459,03:07,"Assist by BROCK,CLAIRE",Emory
460,02:54,"Foul by ARONSKY,DANIELLA",Emory
461,02:54,"AUZA,MARIANE
                                 goes to the bench",Emory
462,02:54,"LAUDICK,MORGAN
                                 goes to the bench",Emory
463,02:54,"MARTINI,KATHERINE
                                 enters the game",Emory
464,02:54,"MUNSON,IZZY
                                 enters the game",Emory
465,02:54,"TERRY,MARGARET
                                 goes to the bench",Opponent
466,02:54,"GILL,PREET
                                 goes to the bench",Opponent
467,02:54,"CHARACKLIS,KAYLA
                                 enters the game",Opponent
468,02:54,"MITCHELL,SARAH
                                 enters the game",Opponent
469,02:54,"MILLS,ISABELLA made free throw",Opponent
470,02:54,"MILLS,ISABELLA made free throw",Opponent
471,02:48,"BROCK,CLAIRE made layup",Emory
472,02:48,"Assist by ARONSKY,DANIELLA",Emory
473,02:37,"CHARACKLIS,KAYLA made layup",Opponent
474,02:37,"Assist by MITCHELL,SARAH",Opponent
475,02:37,"Foul by BROCK,CLAIRE",Emory
476,02:37,"BROCK,CLAIRE
                                 goes to the bench",Emory
477,02:37,"LOWNDES,CHARLOTTE
                                 enters the game",Emory
478,02:37,"CHARACKLIS,KAYLA made free throw",Opponent
479,02:08,"MUNSON,IZZY made layup",Emory
480,01:56,"PLACHTA,EMILY missed 3-pt. jump shot",Opponent
481,01:53,TEAM offensive rebound,Opponent
482,01:53,"GROSS,PAIGE
                                 goes to the bench",Emory
483,01:53,"KREUSSER,CHLOE
                                 enters the game",Emory
484,01:50,"Foul by MARTINI,KATHERINE",Emory
485,01:50,"CHARACKLIS,KAYLA made free throw",Opponent
486,01:50,"CHARACKLIS,KAYLA missed free throw",Opponent
487,01:50,"MUNSON,IZZY defensive rebound",Emory
488,01:30,"ARONSKY,DANIELLA missed 3-pt. jump shot",Emory
489,01:27,"MILLS,ISABELLA defensive rebound",Opponent
490,01:27,"Foul by MUNSON,IZZY",Emory
491,01:27,"ARONSKY,DANIELLA
                                 goes to the bench",Emory
492,01:27,"GERY,LILAH
                                 enters the game",Emory
493,01:27,"MILLS,ISABELLA missed free throw",Opponent
494,01:27,TEAM deadball rebound,Opponent
495,01:27,"MILLS,ISABELLA made free throw",Opponent
496,01:27,"MITCHELL,SARAH
                                 goes to the bench",Opponent
497,01:27,"ROBERTS,MAYA
                                 enters the game",Opponent
498,01:19,"MUNSON,IZZY missed layup",Emory
499,01:16,"MARTINI,KATHERINE offensive rebound",Emory
500,01:16,"MARTINI,KATHERINE missed layup",Emory
501,01:16,"LOWNDES,CHARLOTTE offensive rebound",Emory
502,01:16,"MUNSON,IZZY
                                 goes to the bench",Emory
503,01:16,"KENNEDY,LILY
                                 enters the game",Emory
504,00:56,"KREUSSER,CHLOE made layup",Emory
505,00:56,"Assist by GERY,LILAH",Emory
506,00:47,"Foul by GERY,LILAH",Emory
507,00:47,"PLACHTA,EMILY made free throw",Opponent
508,00:47,"PLACHTA,EMILY made free throw",Opponent
509,00:21,"LOWNDES,CHARLOTTE made 3-pt. jump shot",Emory
510,00:21,"Assist by KREUSSER,CHLOE",Emory
511,00:03,"MILLS,ISABELLA missed layup",Opponent
512,00:01,"LOWNDES,CHARLOTTE defensive rebound",Emory