,TEAM,Logo
0,Gonzaga Bulldogs,https://a.espncdn.com/combiner/i?img=/i/teamlogos/ncaa/500/2250.png
1,Toledo Rockets,https://a.espncdn.com/combiner/i?img=/i/teamlogos/ncaa/500/2649.png
2,Oral Roberts Golden Eagles,https://a.espncdn.com/combiner/i?img=/i/teamlogos/ncaa/500/198.png
3,Alabama Crimson Tide,https://a.espncdn.com/combiner/i?img=/i/teamlogos/ncaa/500/333.png
4,Southern Utah Thunderbirds,https://a.espncdn.com/combiner/i?img=/i/teamlogos/ncaa/500/253.png
5,Youngstown State Penguins,https://a.espncdn.com/combiner/i?img=/i/teamlogos/ncaa/500/2754.png
6,Arizona Wildcats,https://a.espncdn.com/combiner/i?img=/i/teamlogos/ncaa/500/12.png
7,Marshall Thundering Herd,https://a.espncdn.com/combiner/i?img=/i/teamlogos/ncaa/500/276.png
8,Furman Paladins,https://a.espncdn.com/combiner/i?img=/i/teamlogos/ncaa/500/231.png
9,Cornell Big Red,https://a.espncdn.com/combiner/i?img=/i/teamlogos/ncaa/500/172.png
10,UAB Blazers,https://a.espncdn.com/combiner/i?img=/i/teamlogos/ncaa/500/5.png
11,Xavier Musketeers,https://a.espncdn.com/combiner/i?img=/i/teamlogos/ncaa/500/2752.png
12,New Mexico Lobos,https://a.espncdn.com/combiner/i?img=/i/teamlogos/ncaa/500/167.png
13,James Madison Dukes,https://a.espncdn.com/combiner/i?img=/i/teamlogos/ncaa/500/256.png
14,UT Martin Skyhawks,https://a.espncdn.com/combiner/i?img=/i/teamlogos/ncaa/500/2630.png
15,Charleston Cougars,https://a.espncdn.com/combiner/i?img=/i/teamlogos/ncaa/500/232.png
16,Texas A&M-Corpus Christi Islanders,https://a.espncdn.com/combiner/i?img=/i/teamlogos/ncaa/500/357.png
17,Iowa Hawkeyes,https://a.espncdn.com/combiner/i?img=/i/teamlogos/ncaa/500/2294.png
18,Tulane Green Wave,https://a.espncdn.com/combiner/i?img=/i/teamlogos/ncaa/500/2655.png
19,Wright State Raiders,https://a.espncdn.com/combiner/i?img=/i/teamlogos/ncaa/500/2750.png
20,Marquette Golden Eagles,https://a.espncdn.com/combiner/i?img=/i/teamlogos/ncaa/500/269.png
21,Indiana State Sycamores,https://a.espncdn.com/combiner/i?img=/i/teamlogos/ncaa/500/282.png
22,Missouri Tigers,https://a.espncdn.com/combiner/i?img=/i/teamlogos/ncaa/500/142.png
23,Memphis Tigers,https://a.espncdn.com/combiner/i?img=/i/teamlogos/ncaa/500/235.png
24,Bryant Bulldogs,https://a.espncdn.com/combiner/i?img=/i/teamlogos/ncaa/500/2803.png
25,Miami Hurricanes,https://a.espncdn.com/combiner/i?img=/i/teamlogos/ncaa/500/2390.png
26,Ohio Bobcats,https://a.espncdn.com/combiner/i?img=/i/teamlogos/ncaa/500/195.png
27,Samford Bulldogs,https://a.espncdn.com/combiner/i?img=/i/teamlogos/ncaa/500/2535.png
28,UConn Huskies,https://a.espncdn.com/combiner/i?img=/i/teamlogos/ncaa/500/41.png
29,UT Rio Grande Valley Vaqueros,https://a.espncdn.com/combiner/i?img=/i/teamlogos/ncaa/500/292.png
30,Florida Atlantic Owls,https://a.espncdn.com/combiner/i?img=/i/teamlogos/ncaa/500/2226.png
31,Milwaukee Panthers,https://a.espncdn.com/combiner/i?img=/i/teamlogos/ncaa/500/270.png
32,Utah State Aggies,https://a.espncdn.com/combiner/i?img=/i/teamlogos/ncaa/500/328.png
33,Tennessee State Tigers,https://a.espncdn.com/combiner/i?img=/i/teamlogos/ncaa/500/2634.png
34,Colgate Raiders,https://a.espncdn.com/combiner/i?img=/i/teamlogos/ncaa/500/2142.png
35,UMass Lowell River Hawks,https://a.espncdn.com/combiner/i?img=/i/teamlogos/ncaa/500/2349.png
36,Pepperdine Waves,https://a.espncdn.com/combiner/i?img=/i/teamlogos/ncaa/500/2492.png
37,Texas Longhorns,https://a.espncdn.com/combiner/i?img=/i/teamlogos/ncaa/500/251.png
38,Southeast Missouri State Redhawks,https://a.espncdn.com/combiner/i?img=/i/teamlogos/ncaa/500/2546.png
39,Portland Pilots,https://a.espncdn.com/combiner/i?img=/i/teamlogos/ncaa/500/2501.png
40,NC State Wolfpack,https://a.espncdn.com/combiner/i?img=/i/teamlogos/ncaa/500/152.png
41,Queens University Royals,https://a.espncdn.com/combiner/i?img=/i/teamlogos/ncaa/500/2511.png
42,SE Louisiana Lions,https://a.espncdn.com/combiner/i?img=/i/teamlogos/ncaa/500/2545.png
43,Fairleigh Dickinson Knights,https://a.espncdn.com/combiner/i?img=/i/teamlogos/ncaa/500/161.png
44,Houston Christian Huskies,https://a.espncdn.com/combiner/i?img=/i/teamlogos/ncaa/500/2277.png
45,Buffalo Bulls,https://a.espncdn.com/combiner/i?img=/i/teamlogos/ncaa/500/2084.png
46,Eastern Kentucky Colonels,https://a.espncdn.com/combiner/i?img=/i/teamlogos/ncaa/500/2198.png
47,Louisiana Ragin' Cajuns,https://a.espncdn.com/combiner/i?img=/i/teamlogos/ncaa/500/309.png
48,Providence Friars,https://a.espncdn.com/combiner/i?img=/i/teamlogos/ncaa/500/2507.png
49,St. John's Red Storm,https://a.espncdn.com/combiner/i?img=/i/teamlogos/ncaa/500/2599.png
50,Cincinnati Bearcats,https://a.espncdn.com/combiner/i?img=/i/teamlogos/ncaa/500/2132.png
51,Chattanooga Mocs,https://a.espncdn.com/combiner/i?img=/i/teamlogos/ncaa/500/236.png
52,Eastern Washington Eagles,https://a.espncdn.com/combiner/i?img=/i/teamlogos/ncaa/500/331.png
53,San Diego Toreros,https://a.espncdn.com/combiner/i?img=/i/teamlogos/ncaa/500/301.png
54,Utah Valley Wolverines,https://a.espncdn.com/combiner/i?img=/i/teamlogos/ncaa/500/3084.png
55,Baylor Bears,https://a.espncdn.com/combiner/i?img=/i/teamlogos/ncaa/500/239.png
56,Santa Clara Broncos,https://a.espncdn.com/combiner/i?img=/i/teamlogos/ncaa/500/2541.png
57,Rice Owls,https://a.espncdn.com/combiner/i?img=/i/teamlogos/ncaa/500/242.png
58,Wake Forest Demon Deacons,https://a.espncdn.com/combiner/i?img=/i/teamlogos/ncaa/500/154.png
59,Stetson Hatters,https://a.espncdn.com/combiner/i?img=/i/teamlogos/ncaa/500/56.png
60,Detroit Mercy Titans,https://a.espncdn.com/combiner/i?img=/i/teamlogos/ncaa/500/2174.png
61,Southern Indiana Screaming Eagles,https://a.espncdn.com/combiner/i?img=/i/teamlogos/ncaa/500/88.png
62,Creighton Bluejays,https://a.espncdn.com/combiner/i?img=/i/teamlogos/ncaa/500/156.png
63,Long Beach State Beach,https://a.espncdn.com/combiner/i?img=/i/teamlogos/ncaa/500/299.png
64,Belmont Bruins,https://a.espncdn.com/combiner/i?img=/i/teamlogos/ncaa/500/2057.png
65,Ball State Cardinals,https://a.espncdn.com/combiner/i?img=/i/teamlogos/ncaa/500/2050.png
66,Lipscomb Bisons,https://a.espncdn.com/combiner/i?img=/i/teamlogos/ncaa/500/288.png
67,George Washington Colonials,https://a.espncdn.com/combiner/i?img=/i/teamlogos/ncaa/500/45.png
68,North Florida Ospreys,https://a.espncdn.com/combiner/i?img=/i/teamlogos/ncaa/500/2454.png
69,Portland State Vikings,https://a.espncdn.com/combiner/i?img=/i/teamlogos/ncaa/500/2502.png
70,San Francisco Dons,https://a.espncdn.com/combiner/i?img=/i/teamlogos/ncaa/500/2539.png
71,North Carolina Tar Heels,https://a.espncdn.com/combiner/i?img=/i/teamlogos/ncaa/500/153.png
72,Kent State Golden Flashes,https://a.espncdn.com/combiner/i?img=/i/teamlogos/ncaa/500/2309.png
73,Iona Gaels,https://a.espncdn.com/combiner/i?img=/i/teamlogos/ncaa/500/314.png
74,West Virginia Mountaineers,https://a.espncdn.com/combiner/i?img=/i/teamlogos/ncaa/500/277.png
75,Bowling Green Falcons,https://a.espncdn.com/combiner/i?img=/i/teamlogos/ncaa/500/189.png
76,Stephen F. Austin Lumberjacks,https://a.espncdn.com/combiner/i?img=/i/teamlogos/ncaa/500/2617.png
77,Pacific Tigers,https://a.espncdn.com/combiner/i?img=/i/teamlogos/ncaa/500/279.png
78,Norfolk State Spartans,https://a.espncdn.com/combiner/i?img=/i/teamlogos/ncaa/500/2450.png
79,Yale Bulldogs,https://a.espncdn.com/combiner/i?img=/i/teamlogos/ncaa/500/43.png
80,Nicholls Colonels,https://a.espncdn.com/combiner/i?img=/i/teamlogos/ncaa/500/2447.png
81,Utah Tech Trailblazers,https://a.espncdn.com/combiner/i?img=/i/teamlogos/ncaa/500/3101.png
82,North Carolina Central Eagles,https://a.espncdn.com/combiner/i?img=/i/teamlogos/ncaa/500/2428.png
83,Saint Louis Billikens,https://a.espncdn.com/combiner/i?img=/i/teamlogos/ncaa/500/139.png
84,Kansas State Wildcats,https://a.espncdn.com/combiner/i?img=/i/teamlogos/ncaa/500/2306.png
85,Kansas Jayhawks,https://a.espncdn.com/combiner/i?img=/i/teamlogos/ncaa/500/2305.png
86,BYU Cougars,https://a.espncdn.com/combiner/i?img=/i/teamlogos/ncaa/500/252.png
87,Princeton Tigers,https://a.espncdn.com/combiner/i?img=/i/teamlogos/ncaa/500/163.png
88,Little Rock Trojans,https://a.espncdn.com/combiner/i?img=/i/teamlogos/ncaa/500/2031.png
89,Loyola Marymount Lions,https://a.espncdn.com/combiner/i?img=/i/teamlogos/ncaa/500/2351.png
90,Howard Bison,https://a.espncdn.com/combiner/i?img=/i/teamlogos/ncaa/500/47.png
91,Pittsburgh Panthers,https://a.espncdn.com/combiner/i?img=/i/teamlogos/ncaa/500/221.png
92,Grand Canyon Lopes,https://a.espncdn.com/combiner/i?img=/i/teamlogos/ncaa/500/2253.png
93,Hofstra Pride,https://a.espncdn.com/combiner/i?img=/i/teamlogos/ncaa/500/2275.png
94,TCU Horned Frogs,https://a.espncdn.com/combiner/i?img=/i/teamlogos/ncaa/500/2628.png
95,Kennesaw State Owls,https://a.espncdn.com/combiner/i?img=/i/teamlogos/ncaa/500/338.png
96,Pennsylvania Quakers,https://a.espncdn.com/combiner/i?img=/i/teamlogos/ncaa/500/219.png
97,Abilene Christian Wildcats,https://a.espncdn.com/combiner/i?img=/i/teamlogos/ncaa/500/2000.png
98,Morgan State Bears,https://a.espncdn.com/combiner/i?img=/i/teamlogos/ncaa/500/2415.png
99,Indiana Hoosiers,https://a.espncdn.com/combiner/i?img=/i/teamlogos/ncaa/500/84.png
100,North Alabama Lions,https://a.espncdn.com/combiner/i?img=/i/teamlogos/ncaa/500/2453.png
101,Duquesne Dukes,https://a.espncdn.com/combiner/i?img=/i/teamlogos/ncaa/500/2184.png
102,Liberty Flames,https://a.espncdn.com/combiner/i?img=/i/teamlogos/ncaa/500/2335.png
103,UC Irvine Anteaters,https://a.espncdn.com/combiner/i?img=/i/teamlogos/ncaa/500/300.png
104,Drake Bulldogs,https://a.espncdn.com/combiner/i?img=/i/teamlogos/ncaa/500/2181.png
105,UC Davis Aggies,https://a.espncdn.com/combiner/i?img=/i/teamlogos/ncaa/500/302.png
106,Wofford Terriers,https://a.espncdn.com/combiner/i?img=/i/teamlogos/ncaa/500/2747.png
107,Clemson Tigers,https://a.espncdn.com/combiner/i?img=/i/teamlogos/ncaa/500/228.png
108,Houston Cougars,https://a.espncdn.com/combiner/i?img=/i/teamlogos/ncaa/500/248.png
109,High Point Panthers,https://a.espncdn.com/combiner/i?img=/i/teamlogos/ncaa/500/2272.png
110,Kentucky Wildcats,https://a.espncdn.com/combiner/i?img=/i/teamlogos/ncaa/500/96.png
111,Akron Zips,https://a.espncdn.com/combiner/i?img=/i/teamlogos/ncaa/500/2006.png
112,Northwestern State Demons,https://a.espncdn.com/combiner/i?img=/i/teamlogos/ncaa/500/2466.png
113,SIU Edwardsville Cougars,https://a.espncdn.com/combiner/i?img=/i/teamlogos/ncaa/500/2565.png
114,Western Carolina Catamounts,https://a.espncdn.com/combiner/i?img=/i/teamlogos/ncaa/500/2717.png
115,UNC Asheville Bulldogs,https://a.espncdn.com/combiner/i?img=/i/teamlogos/ncaa/500/2427.png
116,Arkansas Razorbacks,https://a.espncdn.com/combiner/i?img=/i/teamlogos/ncaa/500/8.png
117,UMBC Retrievers,https://a.espncdn.com/combiner/i?img=/i/teamlogos/ncaa/500/2378.png
118,Illinois Fighting Illini,https://a.espncdn.com/combiner/i?img=/i/teamlogos/ncaa/500/356.png
119,UCLA Bruins,https://a.espncdn.com/combiner/i?img=/i/teamlogos/ncaa/500/26.png
120,UNLV Rebels,https://a.espncdn.com/combiner/i?img=/i/teamlogos/ncaa/500/2439.png
121,St. Thomas - Minnesota Tommies,https://a.espncdn.com/combiner/i?img=/i/teamlogos/ncaa/500/2900.png
122,Virginia Tech Hokies,https://a.espncdn.com/combiner/i?img=/i/teamlogos/ncaa/500/259.png
123,Syracuse Orange,https://a.espncdn.com/combiner/i?img=/i/teamlogos/ncaa/500/183.png
124,Montana State Bobcats,https://a.espncdn.com/combiner/i?img=/i/teamlogos/ncaa/500/147.png
125,Purdue Fort Wayne Mastodons,https://a.espncdn.com/combiner/i?img=/i/teamlogos/ncaa/500/2870.png
126,Southern Miss Golden Eagles,https://a.espncdn.com/combiner/i?img=/i/teamlogos/ncaa/500/2572.png
127,Winthrop Eagles,https://a.espncdn.com/combiner/i?img=/i/teamlogos/ncaa/500/2737.png
128,Northern Arizona Lumberjacks,https://a.espncdn.com/combiner/i?img=/i/teamlogos/ncaa/500/2464.png
129,New Mexico State Aggies,https://a.espncdn.com/combiner/i?img=/i/teamlogos/ncaa/500/166.png
130,Tennessee Tech Golden Eagles,https://a.espncdn.com/combiner/i?img=/i/teamlogos/ncaa/500/2635.png
131,Miami (OH) Redhawks,https://a.espncdn.com/combiner/i?img=/i/teamlogos/ncaa/500/193.png
132,Michigan Wolverines,https://a.espncdn.com/combiner/i?img=/i/teamlogos/ncaa/500/130.png
133,Northern Colorado Bears,https://a.espncdn.com/combiner/i?img=/i/teamlogos/ncaa/500/2458.png
134,Central Arkansas Bears,https://a.espncdn.com/combiner/i?img=/i/teamlogos/ncaa/500/2110.png
135,South Carolina State Bulldogs,https://a.espncdn.com/combiner/i?img=/i/teamlogos/ncaa/500/2569.png
136,Oakland Golden Grizzlies,https://a.espncdn.com/combiner/i?img=/i/teamlogos/ncaa/500/2473.png
137,Texas Tech Red Raiders,https://a.espncdn.com/combiner/i?img=/i/teamlogos/ncaa/500/2641.png
138,Coastal Carolina Chanticleers,https://a.espncdn.com/combiner/i?img=/i/teamlogos/ncaa/500/324.png
139,Longwood Lancers,https://a.espncdn.com/combiner/i?img=/i/teamlogos/ncaa/500/2344.png
140,Troy Trojans,https://a.espncdn.com/combiner/i?img=/i/teamlogos/ncaa/500/2653.png
141,New Orleans Privateers,https://a.espncdn.com/combiner/i?img=/i/teamlogos/ncaa/500/2443.png
142,Florida International Panthers,https://a.espncdn.com/combiner/i?img=/i/teamlogos/ncaa/500/2229.png
143,Army Black Knights,https://a.espncdn.com/combiner/i?img=/i/teamlogos/ncaa/500/349.png
144,Western Illinois Leathernecks,https://a.espncdn.com/combiner/i?img=/i/teamlogos/ncaa/500/2710.png
145,Auburn Tigers,https://a.espncdn.com/combiner/i?img=/i/teamlogos/ncaa/500/2.png
146,St. Francis (PA) Red Flash,https://a.espncdn.com/combiner/i?img=/i/teamlogos/ncaa/500/2598.png
147,Idaho Vandals,https://a.espncdn.com/combiner/i?img=/i/teamlogos/ncaa/500/70.png
148,Quinnipiac Bobcats,https://a.espncdn.com/combiner/i?img=/i/teamlogos/ncaa/500/2514.png
149,North Dakota State Bison,https://a.espncdn.com/combiner/i?img=/i/teamlogos/ncaa/500/2449.png
150,Texas A&M Aggies,https://a.espncdn.com/combiner/i?img=/i/teamlogos/ncaa/500/245.png
151,Sam Houston Bearkats,https://a.espncdn.com/combiner/i?img=/i/teamlogos/ncaa/500/2534.png
152,Vermont Catamounts,https://a.espncdn.com/combiner/i?img=/i/teamlogos/ncaa/500/261.png
153,Purdue Boilermakers,https://a.espncdn.com/combiner/i?img=/i/teamlogos/ncaa/500/2509.png
154,Denver Pioneers,https://a.espncdn.com/combiner/i?img=/i/teamlogos/ncaa/500/2172.png
155,Nevada Wolf Pack,https://a.espncdn.com/combiner/i?img=/i/teamlogos/ncaa/500/2440.png
156,Charleston Southern Buccaneers,https://a.espncdn.com/combiner/i?img=/i/teamlogos/ncaa/500/2127.png
157,Duke Blue Devils,https://a.espncdn.com/combiner/i?img=/i/teamlogos/ncaa/500/150.png
158,Ohio State Buckeyes,https://a.espncdn.com/combiner/i?img=/i/teamlogos/ncaa/500/194.png
159,Vanderbilt Commodores,https://a.espncdn.com/combiner/i?img=/i/teamlogos/ncaa/500/238.png
160,USC Trojans,https://a.espncdn.com/combiner/i?img=/i/teamlogos/ncaa/500/30.png
161,Colorado State Rams,https://a.espncdn.com/combiner/i?img=/i/teamlogos/ncaa/500/36.png
162,UC Riverside Highlanders,https://a.espncdn.com/combiner/i?img=/i/teamlogos/ncaa/500/27.png
163,Penn State Nittany Lions,https://a.espncdn.com/combiner/i?img=/i/teamlogos/ncaa/500/213.png
164,Saint Joseph's Hawks,https://a.espncdn.com/combiner/i?img=/i/teamlogos/ncaa/500/2603.png
165,Eastern Michigan Eagles,https://a.espncdn.com/combiner/i?img=/i/teamlogos/ncaa/500/2199.png
166,Louisiana Tech Bulldogs,https://a.espncdn.com/combiner/i?img=/i/teamlogos/ncaa/500/2348.png
167,North Dakota Fighting Hawks,https://a.espncdn.com/combiner/i?img=/i/teamlogos/ncaa/500/155.png
168,Boise State Broncos,https://a.espncdn.com/combiner/i?img=/i/teamlogos/ncaa/500/68.png
169,UNC Greensboro Spartans,https://a.espncdn.com/combiner/i?img=/i/teamlogos/ncaa/500/2430.png
170,UCF Knights,https://a.espncdn.com/combiner/i?img=/i/teamlogos/ncaa/500/2116.png
171,Coppin State Eagles,https://a.espncdn.com/combiner/i?img=/i/teamlogos/ncaa/500/2154.png
172,Fordham Rams,https://a.espncdn.com/combiner/i?img=/i/teamlogos/ncaa/500/2230.png
173,Northern Illinois Huskies,https://a.espncdn.com/combiner/i?img=/i/teamlogos/ncaa/500/2459.png
174,Tarleton Texans,https://a.espncdn.com/combiner/i?img=/i/teamlogos/ncaa/500/2627.png
175,South Florida Bulls,https://a.espncdn.com/combiner/i?img=/i/teamlogos/ncaa/500/58.png
176,Seattle U Redhawks,https://a.espncdn.com/combiner/i?img=/i/teamlogos/ncaa/500/2547.png
177,Southern Jaguars,https://a.espncdn.com/combiner/i?img=/i/teamlogos/ncaa/500/2582.png
178,San Diego State Aztecs,https://a.espncdn.com/combiner/i?img=/i/teamlogos/ncaa/500/21.png
179,Towson Tigers,https://a.espncdn.com/combiner/i?img=/i/teamlogos/ncaa/500/119.png
180,UC Santa Barbara Gauchos,https://a.espncdn.com/combiner/i?img=/i/teamlogos/ncaa/500/2540.png
181,Cleveland State Vikings,https://a.espncdn.com/combiner/i?img=/i/teamlogos/ncaa/500/325.png
182,Texas A&M-Commerce Lions,https://a.espncdn.com/combiner/i?img=/i/teamlogos/ncaa/500/2837.png
183,Tennessee Volunteers,https://a.espncdn.com/combiner/i?img=/i/teamlogos/ncaa/500/2633.png
184,Western Kentucky Hilltoppers,https://a.espncdn.com/combiner/i?img=/i/teamlogos/ncaa/500/98.png
185,Dartmouth Big Green,https://a.espncdn.com/combiner/i?img=/i/teamlogos/ncaa/500/159.png
186,Florida Gulf Coast Eagles,https://a.espncdn.com/combiner/i?img=/i/teamlogos/ncaa/500/526.png
187,Florida Gators,https://a.espncdn.com/combiner/i?img=/i/teamlogos/ncaa/500/57.png
188,DePaul Blue Demons,https://a.espncdn.com/combiner/i?img=/i/teamlogos/ncaa/500/305.png
189,Saint Mary's Gaels,https://a.espncdn.com/combiner/i?img=/i/teamlogos/ncaa/500/2608.png
190,Arizona State Sun Devils,https://a.espncdn.com/combiner/i?img=/i/teamlogos/ncaa/500/9.png
191,Oregon Ducks,https://a.espncdn.com/combiner/i?img=/i/teamlogos/ncaa/500/2483.png
192,Wichita State Shockers,https://a.espncdn.com/combiner/i?img=/i/teamlogos/ncaa/500/2724.png
193,South Alabama Jaguars,https://a.espncdn.com/combiner/i?img=/i/teamlogos/ncaa/500/6.png
194,South Dakota State Jackrabbits,https://a.espncdn.com/combiner/i?img=/i/teamlogos/ncaa/500/2571.png
195,VCU Rams,https://a.espncdn.com/combiner/i?img=/i/teamlogos/ncaa/500/2670.png
196,Incarnate Word Cardinals,https://a.espncdn.com/combiner/i?img=/i/teamlogos/ncaa/500/2916.png
197,North Carolina A&T Aggies,https://a.espncdn.com/combiner/i?img=/i/teamlogos/ncaa/500/2448.png
198,Gardner-Webb Runnin' Bulldogs,https://a.espncdn.com/combiner/i?img=/i/teamlogos/ncaa/500/2241.png
199,Sacred Heart Pioneers,https://a.espncdn.com/combiner/i?img=/i/teamlogos/ncaa/500/2529.png
200,Bradley Braves,https://a.espncdn.com/combiner/i?img=/i/teamlogos/ncaa/500/71.png
201,Murray State Racers,https://a.espncdn.com/combiner/i?img=/i/teamlogos/ncaa/500/93.png
202,Canisius Golden Griffins,https://a.espncdn.com/combiner/i?img=/i/teamlogos/ncaa/500/2099.png
203,Stanford Cardinal,https://a.espncdn.com/combiner/i?img=/i/teamlogos/ncaa/500/24.png
204,Chicago State Cougars,https://a.espncdn.com/combiner/i?img=/i/teamlogos/ncaa/500/2130.png
205,Michigan State Spartans,https://a.espncdn.com/combiner/i?img=/i/teamlogos/ncaa/500/127.png
206,Maryland Terrapins,https://a.espncdn.com/combiner/i?img=/i/teamlogos/ncaa/500/120.png
207,Appalachian State Mountaineers,https://a.espncdn.com/combiner/i?img=/i/teamlogos/ncaa/500/2026.png
208,SMU Mustangs,https://a.espncdn.com/combiner/i?img=/i/teamlogos/ncaa/500/2567.png
209,Rider Broncs,https://a.espncdn.com/combiner/i?img=/i/teamlogos/ncaa/500/2520.png
210,Morehead State Eagles,https://a.espncdn.com/combiner/i?img=/i/teamlogos/ncaa/500/2413.png
211,Northern Iowa Panthers,https://a.espncdn.com/combiner/i?img=/i/teamlogos/ncaa/500/2460.png
212,Middle Tennessee Blue Raiders,https://a.espncdn.com/combiner/i?img=/i/teamlogos/ncaa/500/2393.png
213,Colorado Buffaloes,https://a.espncdn.com/combiner/i?img=/i/teamlogos/ncaa/500/38.png
214,Davidson Wildcats,https://a.espncdn.com/combiner/i?img=/i/teamlogos/ncaa/500/2166.png
215,Jacksonville State Gamecocks,https://a.espncdn.com/combiner/i?img=/i/teamlogos/ncaa/500/55.png
216,Western Michigan Broncos,https://a.espncdn.com/combiner/i?img=/i/teamlogos/ncaa/500/2711.png
217,Campbell Fighting Camels,https://a.espncdn.com/combiner/i?img=/i/teamlogos/ncaa/500/2097.png
218,La Salle Explorers,https://a.espncdn.com/combiner/i?img=/i/teamlogos/ncaa/500/2325.png
219,Lehigh Mountain Hawks,https://a.espncdn.com/combiner/i?img=/i/teamlogos/ncaa/500/2329.png
220,UMass Minutemen,https://a.espncdn.com/combiner/i?img=/i/teamlogos/ncaa/500/113.png
221,Maryland-Eastern Shore Hawks,https://a.espncdn.com/combiner/i?img=/i/teamlogos/ncaa/500/2379.png
222,Georgia Tech Yellow Jackets,https://a.espncdn.com/combiner/i?img=/i/teamlogos/ncaa/500/59.png
223,Radford Highlanders,https://a.espncdn.com/combiner/i?img=/i/teamlogos/ncaa/500/2515.png
224,Delaware Blue Hens,https://a.espncdn.com/combiner/i?img=/i/teamlogos/ncaa/500/48.png
225,Alabama A&M Bulldogs,https://a.espncdn.com/combiner/i?img=/i/teamlogos/ncaa/500/2010.png
226,Notre Dame Fighting Irish,https://a.espncdn.com/combiner/i?img=/i/teamlogos/ncaa/500/87.png
227,Temple Owls,https://a.espncdn.com/combiner/i?img=/i/teamlogos/ncaa/500/218.png
228,Villanova Wildcats,https://a.espncdn.com/combiner/i?img=/i/teamlogos/ncaa/500/222.png
229,Lindenwood Lions,https://a.espncdn.com/combiner/i?img=/i/teamlogos/ncaa/500/2815.png
230,Brown Bears,https://a.espncdn.com/combiner/i?img=/i/teamlogos/ncaa/500/225.png
231,Georgetown Hoyas,https://a.espncdn.com/combiner/i?img=/i/teamlogos/ncaa/500/46.png
232,California Baptist Lancers,https://a.espncdn.com/combiner/i?img=/i/teamlogos/ncaa/500/2856.png
233,Navy Midshipmen,https://a.espncdn.com/combiner/i?img=/i/teamlogos/ncaa/500/2426.png
234,VMI Keydets,https://a.espncdn.com/combiner/i?img=/i/teamlogos/ncaa/500/2678.png
235,Florida State Seminoles,https://a.espncdn.com/combiner/i?img=/i/teamlogos/ncaa/500/52.png
236,South Dakota Coyotes,https://a.espncdn.com/combiner/i?img=/i/teamlogos/ncaa/500/233.png
237,Robert Morris Colonials,https://a.espncdn.com/combiner/i?img=/i/teamlogos/ncaa/500/2523.png
238,UTSA Roadrunners,https://a.espncdn.com/combiner/i?img=/i/teamlogos/ncaa/500/2636.png
239,Montana Grizzlies,https://a.espncdn.com/combiner/i?img=/i/teamlogos/ncaa/500/149.png
240,Texas Southern Tigers,https://a.espncdn.com/combiner/i?img=/i/teamlogos/ncaa/500/2640.png
241,Cal State Fullerton Titans,https://a.espncdn.com/combiner/i?img=/i/teamlogos/ncaa/500/2239.png
242,McNeese Cowboys,https://a.espncdn.com/combiner/i?img=/i/teamlogos/ncaa/500/2377.png
243,Wyoming Cowboys,https://a.espncdn.com/combiner/i?img=/i/teamlogos/ncaa/500/2751.png
244,Washington Huskies,https://a.espncdn.com/combiner/i?img=/i/teamlogos/ncaa/500/264.png
245,Idaho State Bengals,https://a.espncdn.com/combiner/i?img=/i/teamlogos/ncaa/500/304.png
246,East Tennessee State Buccaneers,https://a.espncdn.com/combiner/i?img=/i/teamlogos/ncaa/500/2193.png
247,Grambling Tigers,https://a.espncdn.com/combiner/i?img=/i/teamlogos/ncaa/500/2755.png
248,Valparaiso Beacons,https://a.espncdn.com/combiner/i?img=/i/teamlogos/ncaa/500/2674.png
249,UNC Wilmington Seahawks,https://a.espncdn.com/combiner/i?img=/i/teamlogos/ncaa/500/350.png
250,South Carolina Upstate Spartans,https://a.espncdn.com/combiner/i?img=/i/teamlogos/ncaa/500/2908.png
251,Richmond Spiders,https://a.espncdn.com/combiner/i?img=/i/teamlogos/ncaa/500/257.png
252,Eastern Illinois Panthers,https://a.espncdn.com/combiner/i?img=/i/teamlogos/ncaa/500/2197.png
253,East Carolina Pirates,https://a.espncdn.com/combiner/i?img=/i/teamlogos/ncaa/500/151.png
254,Binghamton Bearcats,https://a.espncdn.com/combiner/i?img=/i/teamlogos/ncaa/500/2066.png
255,George Mason Patriots,https://a.espncdn.com/combiner/i?img=/i/teamlogos/ncaa/500/2244.png
256,Mercer Bears,https://a.espncdn.com/combiner/i?img=/i/teamlogos/ncaa/500/2382.png
257,Utah Utes,https://a.espncdn.com/combiner/i?img=/i/teamlogos/ncaa/500/254.png
258,Dayton Flyers,https://a.espncdn.com/combiner/i?img=/i/teamlogos/ncaa/500/2168.png
259,Siena Saints,https://a.espncdn.com/combiner/i?img=/i/teamlogos/ncaa/500/2561.png
260,UC San Diego Tritons,https://a.espncdn.com/combiner/i?img=/i/teamlogos/ncaa/500/28.png
261,Georgia Bulldogs,https://a.espncdn.com/combiner/i?img=/i/teamlogos/ncaa/500/61.png
262,Omaha Mavericks,https://a.espncdn.com/combiner/i?img=/i/teamlogos/ncaa/500/2437.png
263,UTEP Miners,https://a.espncdn.com/combiner/i?img=/i/teamlogos/ncaa/500/2638.png
264,Oklahoma State Cowboys,https://a.espncdn.com/combiner/i?img=/i/teamlogos/ncaa/500/197.png
265,Maine Black Bears,https://a.espncdn.com/combiner/i?img=/i/teamlogos/ncaa/500/311.png
266,Rutgers Scarlet Knights,https://a.espncdn.com/combiner/i?img=/i/teamlogos/ncaa/500/164.png
267,Georgia Southern Eagles,https://a.espncdn.com/combiner/i?img=/i/teamlogos/ncaa/500/290.png
268,Seton Hall Pirates,https://a.espncdn.com/combiner/i?img=/i/teamlogos/ncaa/500/2550.png
269,Harvard Crimson,https://a.espncdn.com/combiner/i?img=/i/teamlogos/ncaa/500/108.png
270,Washington State Cougars,https://a.espncdn.com/combiner/i?img=/i/teamlogos/ncaa/500/265.png
271,Hampton Pirates,https://a.espncdn.com/combiner/i?img=/i/teamlogos/ncaa/500/2261.png
272,Nebraska Cornhuskers,https://a.espncdn.com/combiner/i?img=/i/teamlogos/ncaa/500/158.png
273,Northwestern Wildcats,https://a.espncdn.com/combiner/i?img=/i/teamlogos/ncaa/500/77.png
274,Bethune-Cookman Wildcats,https://a.espncdn.com/combiner/i?img=/i/teamlogos/ncaa/500/2065.png
275,Lamar Cardinals,https://a.espncdn.com/combiner/i?img=/i/teamlogos/ncaa/500/2320.png
276,Columbia Lions,https://a.espncdn.com/combiner/i?img=/i/teamlogos/ncaa/500/171.png
277,Virginia Cavaliers,https://a.espncdn.com/combiner/i?img=/i/teamlogos/ncaa/500/258.png
278,Northern Kentucky Norse,https://a.espncdn.com/combiner/i?img=/i/teamlogos/ncaa/500/94.png
279,Prairie View A&M Panthers,https://a.espncdn.com/combiner/i?img=/i/teamlogos/ncaa/500/2504.png
280,Oklahoma Sooners,https://a.espncdn.com/combiner/i?img=/i/teamlogos/ncaa/500/201.png
281,Alcorn State Braves,https://a.espncdn.com/combiner/i?img=/i/teamlogos/ncaa/500/2016.png
282,Jackson State Tigers,https://a.espncdn.com/combiner/i?img=/i/teamlogos/ncaa/500/2296.png
283,Iowa State Cyclones,https://a.espncdn.com/combiner/i?img=/i/teamlogos/ncaa/500/66.png
284,LSU Tigers,https://a.espncdn.com/combiner/i?img=/i/teamlogos/ncaa/500/99.png
285,Boston University Terriers,https://a.espncdn.com/combiner/i?img=/i/teamlogos/ncaa/500/104.png
286,Bucknell Bison,https://a.espncdn.com/combiner/i?img=/i/teamlogos/ncaa/500/2083.png
287,San Jos√© State Spartans,https://a.espncdn.com/combiner/i?img=/i/teamlogos/ncaa/500/23.png
288,Ole Miss Rebels,https://a.espncdn.com/combiner/i?img=/i/teamlogos/ncaa/500/145.png
289,The Citadel Bulldogs,https://a.espncdn.com/combiner/i?img=/i/teamlogos/ncaa/500/2643.png
290,UL Monroe Warhawks,https://a.espncdn.com/combiner/i?img=/i/teamlogos/ncaa/500/2433.png
291,Loyola Chicago Ramblers,https://a.espncdn.com/combiner/i?img=/i/teamlogos/ncaa/500/2350.png
292,Loyola Maryland Greyhounds,https://a.espncdn.com/combiner/i?img=/i/teamlogos/ncaa/500/2352.png
293,Albany Great Danes,https://a.espncdn.com/combiner/i?img=/i/teamlogos/ncaa/500/399.png
294,Weber State Wildcats,https://a.espncdn.com/combiner/i?img=/i/teamlogos/ncaa/500/2692.png
295,William & Mary Tribe,https://a.espncdn.com/combiner/i?img=/i/teamlogos/ncaa/500/2729.png
296,Manhattan Jaspers,https://a.espncdn.com/combiner/i?img=/i/teamlogos/ncaa/500/2363.png
297,UIC Flames,https://a.espncdn.com/combiner/i?img=/i/teamlogos/ncaa/500/82.png
298,Stonehill Skyhawks,https://a.espncdn.com/combiner/i?img=/i/teamlogos/ncaa/500/284.png
299,Air Force Falcons,https://a.espncdn.com/combiner/i?img=/i/teamlogos/ncaa/500/2005.png
300,NJIT Highlanders,https://a.espncdn.com/combiner/i?img=/i/teamlogos/ncaa/500/2885.png
301,Hawai'i Rainbow Warriors,https://a.espncdn.com/combiner/i?img=/i/teamlogos/ncaa/500/62.png
302,Arkansas-Pine Bluff Golden Lions,https://a.espncdn.com/combiner/i?img=/i/teamlogos/ncaa/500/2029.png
303,Old Dominion Monarchs,https://a.espncdn.com/combiner/i?img=/i/teamlogos/ncaa/500/295.png
304,Holy Cross Crusaders,https://a.espncdn.com/combiner/i?img=/i/teamlogos/ncaa/500/107.png
305,St. Bonaventure Bonnies,https://a.espncdn.com/combiner/i?img=/i/teamlogos/ncaa/500/179.png
306,Long Island University Sharks,https://a.espncdn.com/combiner/i?img=/i/teamlogos/ncaa/500/112358.png
307,Drexel Dragons,https://a.espncdn.com/combiner/i?img=/i/teamlogos/ncaa/500/2182.png
308,Charlotte 49ers,https://a.espncdn.com/combiner/i?img=/i/teamlogos/ncaa/500/2429.png
309,Georgia State Panthers,https://a.espncdn.com/combiner/i?img=/i/teamlogos/ncaa/500/2247.png
310,Austin Peay Governors,https://a.espncdn.com/combiner/i?img=/i/teamlogos/ncaa/500/2046.png
311,Boston College Eagles,https://a.espncdn.com/combiner/i?img=/i/teamlogos/ncaa/500/103.png
312,Illinois State Redbirds,https://a.espncdn.com/combiner/i?img=/i/teamlogos/ncaa/500/2287.png
313,UT Arlington Mavericks,https://a.espncdn.com/combiner/i?img=/i/teamlogos/ncaa/500/250.png
314,New Hampshire Wildcats,https://a.espncdn.com/combiner/i?img=/i/teamlogos/ncaa/500/160.png
315,Bellarmine Knights,https://a.espncdn.com/combiner/i?img=/i/teamlogos/ncaa/500/91.png
316,Sacramento State Hornets,https://a.espncdn.com/combiner/i?img=/i/teamlogos/ncaa/500/16.png
317,Rhode Island Rams,https://a.espncdn.com/combiner/i?img=/i/teamlogos/ncaa/500/227.png
318,Texas State Bobcats,https://a.espncdn.com/combiner/i?img=/i/teamlogos/ncaa/500/326.png
319,Central Connecticut Blue Devils,https://a.espncdn.com/combiner/i?img=/i/teamlogos/ncaa/500/2115.png
320,Central Michigan Chippewas,https://a.espncdn.com/combiner/i?img=/i/teamlogos/ncaa/500/2117.png
321,Arkansas State Red Wolves,https://a.espncdn.com/combiner/i?img=/i/teamlogos/ncaa/500/2032.png
322,Mississippi State Bulldogs,https://a.espncdn.com/combiner/i?img=/i/teamlogos/ncaa/500/344.png
323,Southern Illinois Salukis,https://a.espncdn.com/combiner/i?img=/i/teamlogos/ncaa/500/79.png
324,Missouri State Bears,https://a.espncdn.com/combiner/i?img=/i/teamlogos/ncaa/500/2623.png
325,Wisconsin Badgers,https://a.espncdn.com/combiner/i?img=/i/teamlogos/ncaa/500/275.png
326,Elon Phoenix,https://a.espncdn.com/combiner/i?img=/i/teamlogos/ncaa/500/2210.png
327,American University Eagles,https://a.espncdn.com/combiner/i?img=/i/teamlogos/ncaa/500/44.png
328,Northeastern Huskies,https://a.espncdn.com/combiner/i?img=/i/teamlogos/ncaa/500/111.png
329,Tulsa Golden Hurricane,https://a.espncdn.com/combiner/i?img=/i/teamlogos/ncaa/500/202.png
330,IUPUI Jaguars,https://a.espncdn.com/combiner/i?img=/i/teamlogos/ncaa/500/85.png
331,Butler Bulldogs,https://a.espncdn.com/combiner/i?img=/i/teamlogos/ncaa/500/2086.png
332,Niagara Purple Eagles,https://a.espncdn.com/combiner/i?img=/i/teamlogos/ncaa/500/315.png
333,Fairfield Stags,https://a.espncdn.com/combiner/i?img=/i/teamlogos/ncaa/500/2217.png
334,St. Francis Brooklyn Terriers,https://a.espncdn.com/combiner/i?img=/i/teamlogos/ncaa/500/2597.png
335,Delaware State Hornets,https://a.espncdn.com/combiner/i?img=/i/teamlogos/ncaa/500/2169.png
336,Kansas City Roos,https://a.espncdn.com/combiner/i?img=/i/teamlogos/ncaa/500/140.png
337,North Texas Mean Green,https://a.espncdn.com/combiner/i?img=/i/teamlogos/ncaa/500/249.png
338,South Carolina Gamecocks,https://a.espncdn.com/combiner/i?img=/i/teamlogos/ncaa/500/2579.png
339,Marist Red Foxes,https://a.espncdn.com/combiner/i?img=/i/teamlogos/ncaa/500/2368.png
340,Louisville Cardinals,https://a.espncdn.com/combiner/i?img=/i/teamlogos/ncaa/500/97.png
341,Fresno State Bulldogs,https://a.espncdn.com/combiner/i?img=/i/teamlogos/ncaa/500/278.png
342,Mount St. Mary's Mountaineers,https://a.espncdn.com/combiner/i?img=/i/teamlogos/ncaa/500/116.png
343,Cal State Northridge Matadors,https://a.espncdn.com/combiner/i?img=/i/teamlogos/ncaa/500/2463.png
344,Jacksonville Dolphins,https://a.espncdn.com/combiner/i?img=/i/teamlogos/ncaa/500/294.png
345,Alabama State Hornets,https://a.espncdn.com/combiner/i?img=/i/teamlogos/ncaa/500/2011.png
346,Presbyterian Blue Hose,https://a.espncdn.com/combiner/i?img=/i/teamlogos/ncaa/500/2506.png
347,Stony Brook Seawolves,https://a.espncdn.com/combiner/i?img=/i/teamlogos/ncaa/500/2619.png
348,Wagner Seahawks,https://a.espncdn.com/combiner/i?img=/i/teamlogos/ncaa/500/2681.png
349,Minnesota Golden Gophers,https://a.espncdn.com/combiner/i?img=/i/teamlogos/ncaa/500/135.png
350,Hartford Hawks,https://a.espncdn.com/combiner/i?img=/i/teamlogos/ncaa/500/42.png
351,Merrimack Warriors,https://a.espncdn.com/combiner/i?img=/i/teamlogos/ncaa/500/2771.png
352,Evansville Purple Aces,https://a.espncdn.com/combiner/i?img=/i/teamlogos/ncaa/500/339.png
353,Lafayette Leopards,https://a.espncdn.com/combiner/i?img=/i/teamlogos/ncaa/500/322.png
354,Saint Peter's Peacocks,https://a.espncdn.com/combiner/i?img=/i/teamlogos/ncaa/500/2612.png
355,Monmouth Hawks,https://a.espncdn.com/combiner/i?img=/i/teamlogos/ncaa/500/2405.png
356,Oregon State Beavers,https://a.espncdn.com/combiner/i?img=/i/teamlogos/ncaa/500/204.png
357,Mississippi Valley State Delta Devils,https://a.espncdn.com/combiner/i?img=/i/teamlogos/ncaa/500/2400.png
358,Cal Poly Mustangs,https://a.espncdn.com/combiner/i?img=/i/teamlogos/ncaa/500/13.png
359,Cal State Bakersfield Roadrunners,https://a.espncdn.com/combiner/i?img=/i/teamlogos/ncaa/500/2934.png
360,Green Bay Phoenix,https://a.espncdn.com/combiner/i?img=/i/teamlogos/ncaa/500/2739.png
361,Florida A&M Rattlers,https://a.espncdn.com/combiner/i?img=/i/teamlogos/ncaa/500/50.png
362,California Golden Bears,https://a.espncdn.com/combiner/i?img=/i/teamlogos/ncaa/500/25.png